restaurant,menu_name,menu_category,weight_g,price_krw,calorie_kcal,protein_g,sugar_g,saturated_fat_g,sodium_mg,caffeine_mg,nutrition_basis
빽다방,원조커피(ICED),커피,,,396.18,2.34,42.90,10.92,29.71,247.07,
빽다방,아이스티샷추가(아샷추),커피,,,272,0,63,0.1,19,100,
빽다방,바닐라라떼(ICED),커피,,,372,7.7,29,11.5,186,156,
빽다방,챔피언스 유자 아메리카노,커피,,,219.7,1.4,38.3,0.1,39.3,204.5,
빽다방,챔피언스 유자셔벗 아메리카노,커피,,,280.7,1.2,50.6,0.2,42.0,190.0,
빽다방,디카페인 챔피언스 유자 아메리카노,커피,,,212,0.9,35.0,0.1,37.0,17.9,
빽다방,디카페인 챔피언스 유자셔벗 아메리카노,커피,,,287.3,0.9,53.8,0.2,43.9,20,
빽다방,원조커피크림 라떼,커피,,,550,10.5,17.9,24.9,103.5,257.1,
빽다방,원조커피크림 미숫가루,커피,,,685.6,14.2,26.4,25.2,153.1,46.5,
빽다방,생크림 아메리카노(ICED),커피,,,378.2,3.0,17.0,18.3,30.5,231.9,
빽다방,생크림 카페라떼(ICED),커피,,,553.4,10.7,30.5,24.2,106.4,231.5,
빽다방,디카페인 생크림 아메리카노(ICED),커피,,,399.9,2.6,14.5,18.3,29.3,5.4,
빽다방,디카페인 생크림 카페라떼(ICED),커피,,,482.1,9.6,20.5,22.2,99.4,5.5,
빽다방,피스타치오 생크림 카페라떼(ICED),커피,,,568.3,10.6,27.4,26.5,146.9,221.6,
빽다방,디카페인 피스타치오 생크림 카페라떼(ICED),커피,,,561.2,10.9,22.0,25.7,144.1,5.0,
빽다방,에어폼 아메리카노(ICED),커피,,,21.9,1.4,0.0,0.3,3.4,293,
빽다방,더블에스프레소,커피,,,18,1,0,0.1,1,269,
빽다방,디카페인 더블에스프레소,커피,,,21,0.8,0,0.1,1,1.9,
빽다방,아메리카노(HOT),커피,,,4,0,0,0.1,7,197,
빽다방,아메리카노(ICED),커피,,,4,0,0,0.1,5,166,
빽다방,디카페인 아메리카노(HOT),커피,,,12.9,0.7,0.0,0.1,5.9,1.0,
빽다방,디카페인 아메리카노(ICED),커피,,,11.3,0.8,0.0,0.1,2.2,1.2,
빽다방,레드불 꿀샷추(ICED),커피,,,222,1.9,53,0.1,100,154,
빽다방,원조커피(HOT),커피,,,564.39,3.60,60.80,15.26,38.39,357.71,
빽다방,아이스티샷 망고추가(아샷망추),커피,,,312,4.1,72,0.1,22,106,
빽다방,디카페인 아이스티샷추가(아샷추),커피,,,262,0.3,58,0.1,17,27.9,
빽다방,디카페인 아이스티샷 망고추가(아샷망추),커피,,,302,1.1,72,0.1,17,26.0,
빽다방,코코넛카페라떼(HOT),커피,,,445.3,13.1,48.3,10.9,169.4,242.9,
빽다방,코코넛카페라떼(ICED),커피,,,368.1,10.4,36.7,3.2,140.3,177.2,
빽다방,코코넛커피스무디,커피,,,480.7,9.7,61.3,9.5,161.1,199.2,
빽다방,디카페인 코코넛카페라떼(HOT),커피,,,435.6,12.4,50.4,10.7,174.7,4.1,
빽다방,디카페인 코코넛카페라떼(ICED),커피,,,351.8,9.6,36.7,9.2,138.5,2.8,
빽다방,디카페인 코코넛커피스무디,커피,,,488.5,9.5,58.5,10.4,168.9,3.5,
빽다방,꿀아메리카노(HOT),커피,,,142,0.9,30,0.0,6,175,
빽다방,꿀아메리카노(ICED),커피,,,125,0.5,27,0.1,8,161,
빽다방,디카페인 꿀아메리카노(HOT),커피,,,143.7,0.4,27.8,0.1,8.0,0.7,
빽다방,디카페인 꿀아메리카노(ICED),커피,,,140.1,0.4,25.4,0.1,4.1,0.7,
빽다방,헤이즐넛아메리카노(HOT),커피,,,89,0.9,21,0,5,190,
빽다방,헤이즐넛아메리카노(ICED),커피,,,80,3.8,19,0.1,4,166,
빽다방,디카페인 헤이즐넛 아메리카노(HOT),커피,,,99.1,0.5,19.6,0.2,4.7,0.8,
빽다방,디카페인 헤이즐넛 아메리카노(ICED),커피,,,95.7,0.5,17.0,0.1,4.1,0.7,
빽다방,헤이즐넛라떼(HOT),커피,,,255,9.3,31,5.2,93,184,
빽다방,헤이즐넛라떼(ICED),커피,,,227,9.2,21,4.9,83,170,
빽다방,디카페인 헤이즐넛라떼(HOT),커피,,,263.6,9.5,26.1,6.2,92.8,0.8,
빽다방,디카페인 헤이즐넛라떼(ICED),커피,,,255.2,8.9,20.3,5.8,86.5,0.7,
빽다방,달달연유라떼(HOT),커피,,,405,14.1,45,10.3,153,187,
빽다방,달달연유라떼(ICED),커피,,,382,12.6,35,10.4,143,164,
빽다방,디카페인 달달연유라떼(HOT),커피,,,392.6,14.1,48.1,7.1,153.9,1.4,
빽다방,디카페인 달달연유라떼(ICED),커피,,,399.0,13.1,42.4,9.6,141.8,1.1,
빽다방,카페라떼(HOT),커피,,,291,7.4,9,13.7,82,152,
빽다방,카페라떼(ICED),커피,,,167,8,6,6.4,87,163,
빽다방,디카페인 카페라떼(HOT),커피,,,270.8,7.7,9.9,13.5,83.0,0.8,
빽다방,디카페인 카페라떼(ICED),커피,,,186.7,8.3,8.6,6.1,89.9,0.7,
빽다방,흑당버블 카페라떼(ICED),커피,,,384,8.2,43,5.7,101,76,
빽다방,디카페인 흑당버블 카페라떼,커피,,,386.6,9.4,43.9,5.8,97.2,0.4,
빽다방,바닐라라떼(HOT),커피,,,380,10.3,29,12.2,216,168,
빽다방,디카페인 바닐라라떼(HOT),커피,,,381.4,9.9,33.8,11.7,216.7,0.8,
빽다방,디카페인 바닐라라떼(ICED),커피,,,373.7,9.9,24.6,11.5,204.7,0.8,
빽다방,카페모카(HOT),커피,,,357,12.1,30,9.1,193,299,
빽다방,카페모카(ICED),커피,,,304,10.5,24,8.5,164,270,
빽다방,디카페인 카페모카(HOT),커피,,,362,12.4,36,8.9,192,136.7,
빽다방,디카페인 카페모카(ICED),커피,,,323,11.4,26,8.0,171,117.8,
빽다방,카라멜마키아또(HOT),커피,,,349,8.3,35,7.4,187,165,
빽다방,카라멜마키아또(ICED),커피,,,340,8.3,35,8.9,203,171,
빽다방,디카페인 카라멜 마키아또(HOT),커피,,,314.8,7.8,36.6,6.7,174.3,0.7,
빽다방,디카페인 카라멜 마키아또(ICED),커피,,,328.1,8.8,41.5,6.7,164.6,0.8,
빽다방,바나나 카페라떼(HOT),커피,,,295,8.5,38,6.9,149,94,
빽다방,바나나 카페라떼(ICED),커피,,,269,8,31,7.1,141,78,
빽다방,디카페인 바나나카페라떼(HOT),커피,,,308.0,8.8,34.2,6.9,151.1,0.3,
빽다방,디카페인 바나나카페라떼(ICED),커피,,,296.5,9.3,35.9,6.7,140.6,0.3,
빽다방,바나나 커피쉐이크,커피,,,461.2,3.8,65.2,5.6,225.8,89.5,
빽다방,디카페인 바나나커피쉐이크,커피,,,442.4,8.4,68.8,5.9,221.2,0.4,
빽다방,아이스크림카페라떼(ICED),커피,,,357,9.3,26,13.3,120,176,
빽다방,아이스크림바닐라라떼(ICED),커피,,,555,10.1,44,16.7,230,172,
빽다방,아이스크림카페모카(ICED),커피,,,492,12.3,41,15.4,199,309,
빽다방,디카페인 아이스크림 카페라떼,커피,,,312.4,9.3,22.2,12.4,104.2,0.8,
빽다방,디카페인 아이스크림 바닐라라떼,커피,,,504.1,10.4,47.8,17.8,210.4,0.8,
빽다방,디카페인 아이스크림카페모카(ICED),커피,,,450,12.7,42,14.3,191,113.9,
빽다방,콜드브루(ICED),커피,,,16.2,1,0,0,5.5,177.8,
빽다방,콜드브루(HOT),커피,,,14,1.2,0,0,5,174,
빽다방,디카페인 콜드브루(ICED),커피,,,16.7,0.5,0,0,3.4,12.4,
빽다방,디카페인 콜드브루(HOT),커피,,,14.5,0.6,0.0,0.0,4.5,11.3,
빽다방,크리미 콜드브루 바닐라,커피,,,415,3.8,24,18.1,90,129,
빽다방,크리미 콜드브루 카라멜,커피,,,341,1.9,22,15.4,59,170,
빽다방,디카페인 크리미 콜드브루 바닐라,커피,,,386,3.5,24,7,90,10,
빽다방,디카페인 크리미 콜드브루 카라멜,커피,,,361,1.4,20,14.1,56,9,
빽다방,콜드브루라떼(ICED),커피,,,173,8.9,3,5.3,78,171,
빽다방,콜드브루라떼(HOT),커피,,,195,9.3,11,5,93,202,
빽다방,디카페인 콜드브루라떼(ICED),커피,,,184.9,8.1,4.9,5.5,88.8,12.0,
빽다방,디카페인 콜드브루라떼(HOT),커피,,,190.3,8.5,6.8,5.0,87.9,13.2,
빽다방,콜드브루 연유라떼(ICED),커피,,,412.1,13.8,42,9.8,142,187.7,
빽다방,콜드브루 연유라떼(HOT),커피,,,435,14.2,47,9.7,148,197,
빽다방,디카페인 콜드브루 연유라떼(ICED),커피,,,395,13.4,44,8.7,134,11.8,
빽다방,디카페인 콜드브루 연유라떼(HOT),커피,,,416.0,13.5,45.6,9.6,147.4,12.6,
빽다방,콜드브루 흑당라떼(ICED),커피,,,368,8.8,38,6.1,99,195,
빽다방,콜드브루 흑당라떼(HOT),커피,,,360,8.6,43,5.8,100,197,
빽다방,디카페인 콜드브루 흑당라떼(ICED),커피,,,364.6,8.3,44.1,5.9,98.8,12.8,
빽다방,디카페인 콜드브루 흑당라떼(HOT),커피,,,350.7,8.3,43.4,5.8,100.3,12.5,
빽다방,빽사이즈 아메리카노(ICED),커피,,,10,0.5,0,0.1,6,293,
빽다방,빽사이즈 카페라떼(ICED),커피,,,286,12.3,8,8.3,132,286,
빽다방,디카페인 빽사이즈 아메리카노(ICED),커피,,,30.3,1.3,0.0,0.4,6.9,1.6,
빽다방,디카페인 빽사이즈 카페라떼(ICED),커피,,,267.6,14.2,7.5,8.5,131.5,2.3,
빽다방,빽사이즈 원조커피(ICED),커피,,,785.30,4.40,85.50,19.70,48.00,467.70,
빽다방,빽사이즈 바닐라라떼(ICED),커피,,,575,16.8,42,16.5,284,322,
빽다방,디카페인 빽사이즈 바닐라라떼(ICED),커피,,,564.0,15.9,41.9,16.4,282.8,1.8,
빽다방,빽사이즈 아이스티샷추가(ICED),커피,,,329,0,79,0.1,26,179,
빽다방,빽사이즈 아이스티샷 망고추가(ICED),커피,,,437,1,105,0.1,27,177,
빽다방,디카페인 빽사이즈 아이스티샷추가(ICED),커피,,,352,0.5,78,0.1,25,38.1,
빽다방,디카페인 빽사이즈 아이스티샷 망고추가,커피,,,483,1.8,107,0.2,24,36.6,
빽다방,말차크림라떼(ICED),음료,,,369,9.2,30,11.0,110,98,
빽다방,우리수박주스,음료,,,262,3,53,0,5,,
빽다방,미숫가루,음료,,,334.98,4.74,25.26,0.18,6.42,0.00,
빽다방,골드 키위 주스,음료,,,276.8,1,50.4,0.1,14,0,
빽다방,김천 자두 주스,음료,,,425.9,1.3,93,0.1,72.7,0,
빽다방,사과젤리 리치스무디,음료,,,295.5,0,60.8,0,36.2,0,
빽다방,사과젤리 복숭아스무디,음료,,,248.4,0.1,48.4,0.1,38.8,0,
빽다방,사과젤리 청포도스무디,음료,,,261.2,0.1,55.8,0.1,18.1,0,
빽다방,저당사과젤리 매실티 ICED,음료,,,42.2,0.3,0.6,0.1,33.7,0,
빽다방,저당사과젤리 매실에이드,음료,,,33,0.3,0.9,0.1,30.9,0,
빽다방,제로슈거 매실티 HOT,음료,,,17.4,0.4,,0,22.9,0,
빽다방,제로슈거 매실티 ICED,음료,,,27.6,0.6,,0.1,26.8,0,
빽다방,아이스크러시 멜론,음료,,,362.1,0.5,83.3,0,52.6,0,
빽다방,아이스크러시 포도,음료,,,420,0.3,97.5,0.4,53.3,0,
빽다방,아이스크러시 복숭아,음료,,,421.7,0.3,98.1,0.1,82.1,0,
빽다방,멜론 소다,음료,,,390.2,1.6,74.1,5,65.8,0,
빽다방,포도 소다,음료,,,511.9,2.5,75.2,6.7,80.1,0,
빽다방,복숭아 소다,음료,,,512.5,2.5,79.9,6.7,99.1,0,
빽다방,자두스무디,음료,,,292.8,0.7,67.6,0.5,103.9,0,
빽다방,애플스무디,음료,,,325.5,0.6,74.8,0.6,26.5,0,
빽다방,수박망고아이스티,음료,,,450.9,4,90.2,0.2,23.8,10.9,
빽다방,냥냥! 춘배펀치 초코스무디,음료,,,424.6,10.3,51.0,9.0,227.3,10.4,
빽다방,냥냥! 춘배펀치 딸기스무디,음료,,,433,8.4,59.6,8.3,144.4,0,
빽다방,우베라떼(ICED),음료,,,276.9,7.2,36.4,6.6,131,0,
빽다방,아이스크림 우베라떼(ICED),음료,,,463.8,9.9,56.6,18,171.1,0,
빽다방,생크림 우베라떼(ICED),음료,,,521.8,7.9,48.5,22.7,132.9,0,
빽다방,피스타치오 생크림 초코라떼(ICED),음료,,,698.6,12.8,58.8,26.3,238.6,16.3,
빽다방,통단팥 쉐이크,음료,,,626.7,17.2,75.9,4.3,248.0,0.0,
빽다방,통단팥 율무쉐이크,음료,,,706.5,15.3,77.6,8.7,446.5,0.0,
빽다방,제로슈거 납작복숭아 아이스티,음료,,,48.9,0.0,,0.0,85.4,9.8,
빽다방,제로슈거 납작복숭아 아.샷.추,음료,,,48.3,0.0,,0.1,86.4,106.5,
빽다방,제로슈거 레몬티(HOT),음료,,,116.5,0.1,0.4,0.1,75.9,0.0,
빽다방,제로슈거 레몬티(ICED),음료,,,113.6,0.1,,0.0,74.6,0.0,
빽다방,제로슈거 레모네이드,음료,,,111.4,0.1,,0.1,70.9,0.0,
빽다방,제로슈거 자몽티(HOT),음료,,,124.5,0.5,0.6,0.0,57.8,0.0,
빽다방,제로슈거 자몽티(ICED),음료,,,113.7,0.5,0.4,0.1,57.3,0.0,
빽다방,제로슈거 자몽에이드(ICED),음료,,,111.9,0.4,0.4,0.0,51.6,0.0,
빽다방,딸기젤라또 파르페,음료,,,387,8.1,32,6,168,3,
빽다방,딸기복숭아 루이보스티,음료,,,156,0.1,29,0,12,0,
빽다방,딸기앤쿠키 쉐이크,음료,,,534,8.7,77,5.7,221,1,
빽다방,딸기젤라또 레몬스무디,음료,,,321,0.2,74,0.6,52,0,
빽다방,우리사과주스,음료,,,190,0.6,39,0,5,0,
빽다방,사과당근주스,음료,,,200,0.9,40,0.1,19,0,
빽다방,생강차(HOT),음료,,,214,0.4,49,0.0,11,0,
빽다방,생강차(ICED),음료,,,214,0.2,51,0.1,11,0,
빽다방,율무라떼(HOT),음료,,,425,11.1,39,10.4,380,0,
빽다방,율무라떼(ICED),음료,,,402,12.0,35,10.0,349,0,
빽다방,율무아몬드라떼(HOT),음료,,,324,4.7,35,4.5,417,0,
빽다방,율무아몬드라떼(ICED),음료,,,314,4.8,34,4.3,389,0,
빽다방,제주감귤주스(ICED),음료,,,237,2.4,41,0.1,7,0,
빽다방,메리 더블넛츠 초코라떼(ICED),음료,,,440,10.6,51,11.1,231,26,
빽다방,골든자바칩 스무디,음료,,,815,13.2,96,20.6,412,163,
빽다방,말차크림망고스무디(ICED),음료,,,655,7.6,91,11.4,106,88,
빽다방,프로틴쉐이크 바나나,음료,,,332,38.7,8,3.5,217,0,
빽다방,프로틴쉐이크 초코,음료,,,339,41.2,5,3.8,247,0,
빽다방,콤부차 자두(ICED),음료,,,118,0.2,0,0,7,0,
빽다방,콤부차 샤인머스캣(ICED),음료,,,113,1.6,0,0,19,0,
빽다방,애사비(ICED),음료,,,119,0.2,0.5,0,38,0,
빽다방,레드불 에이드(ICED),음료,,,275.8,1.1,64.7,0.1,115.6,57.6,
빽다방,블루레몬에이드(ICED),음료,,,306,0.5,69,0.0,79,0,
빽다방,복숭아 아이스티,음료,,,256.6,0.8,59.8,0.0,18.4,20.2,
빽다방,아망추 (아이스티 + 망고추가),음료,,,295,1,60,0.1,18,15,
빽다방,망고스무디(ICED),음료,,,283,1.7,67,0.1,17,0,
빽다방,파인애플스무디(ICED),음료,,,327,1.8,76,0.1,21,0,
빽다방,패션후르츠스무디 (ICED),음료,,,358,0.5,82,0.0,72,,
빽다방,망고패션스무디 (ICED),음료,,,437,1.0,91,0.0,76,,
빽다방,대추차(HOT),음료,,,206,1,38,0.1,4,0,
빽다방,대추차(ICED),음료,,,261,1,53,0.1,2,0,
빽다방,쌍화차(HOT),음료,,,201,1,45,0.1,31,0,
빽다방,쌍화차(ICED),음료,,,262,1,57,0.1,40,0,
빽다방,대추라떼(HOT),음료,,,366,10,49,5,86,0,
빽다방,대추라떼(ICED),음료,,,382,8,55,5,74,0,
빽다방,쌍화라떼(HOT),음료,,,349.50,9.33,51.39,5.31,116.91,,
빽다방,쌍화라떼(ICED),음료,,,378.19,8.25,64.38,4.81,108.25,,
빽다방,아임파인민트티(HOT),음료,,,59,0.3,0,0,6,4,
빽다방,아임파인민트티(ICED),음료,,,52,0.1,0,0,5,4,
빽다방,쿨라임스무디,음료,,,376,0,89,0,70,,
빽다방,쿨라임에이드,음료,,,189,0.2,47,0,43,,
빽다방,수정과(HOT),음료,,,302,0.5,70,0,9,0,
빽다방,수정과(ICED),음료,,,303,0.4,66,0,4,0,
빽다방,식혜(ICED),음료,,,318.2,0.0,66.2,0.1,3.2,0.0,
빽다방,고구마라떼(HOT),음료,,,463,10,71,6,110,0,
빽다방,고구마라떼(ICED),음료,,,413,10,56,5,101,0,
빽다방,꿀밤라떼(HOT),음료,,,513,12,54,8,290,0,
빽다방,꿀밤라떼(ICED),음료,,,436,9,50,6,210,0,
빽다방,꿀밤스무디,음료,,,576,9.3,53,6.1,221,0,
빽다방,고구마스무디,음료,,,481,8,70,4,92,0,
빽다방,바나나 라떼(HOT),음료,,,302,9,37,7,156,,
빽다방,바나나 라떼(ICED),음료,,,295,9,42,7,154,,
빽다방,바나나 밀크쉐이크,음료,,,450.2,4,67.3,5.5,231.7,0,
빽다방,퐁당치노(바닐라),음료,,,496,11,60,9,211,0,
빽다방,퐁당치노(원조커피),음료,,,708.53,12.60,74.63,15.83,145.50,225.90,
빽다방,퐁당치노(미숫가루),음료,,,613,17,74,9,214,0,
빽다방,초코라떼(HOT),음료,,,337.57,8.99,45.47,6.40,109.73,15.78,
빽다방,초코라떼(ICED),음료,,,387.48,10.42,62.86,5.90,232.55,15.76,
빽다방,말차라떼(HOT),음료,,,481.6,12.4,53.8,7.8,133.3,130.5,
빽다방,말차라떼(ICED),음료,,,354.6,9.7,37.5,6.2,100.8,104.4,
빽다방,민트초코라떼(HOT),음료,,,655.3,16.2,91,14.3,361,45,
빽다방,민트초코라떼(ICED),음료,,,514.5,13.1,68.6,10,285,35.7,
빽다방,토피넛라떼(HOT),음료,,,410.41,7.46,19.01,12.85,173.95,47.01,
빽다방,토피넛라떼(ICED),음료,,,433.26,7.32,14.94,12.78,181.38,52.14,
빽다방,체리콕콕(ICED),음료,,,290,1,72,0,7,23,
빽다방,밀크티(HOT),음료,,,325.7,8.9,32.8,6.2,84.3,152.7,
빽다방,밀크티(ICED),음료,,,336.2,9.4,38.8,6.4,88.3,157.4,
빽다방,흑당버블 밀크티(ICED),음료,,,513,6,60,14,82,77,
빽다방,페퍼민트티(HOT),음료,,,3.12,0.44,0,0,10.28,0,
빽다방,페퍼민트티(ICED),음료,,,4.68,0.66,0,0,15.41,0,
빽다방,황금캐모마일티(HOT),음료,,,7.40,0.48,0,0,3.96,0,
빽다방,황금캐모마일티(ICED),음료,,,7.90,0.74,0,0,3.44,0,
빽다방,깔라만시티(HOT),음료,,,341.2,0.5,79.5,0.0,98.2,0.0,
빽다방,깔라만시티(ICED),음료,,,243.4,0.4,59.2,0.0,117.4,0.0,
빽다방,레몬티(HOT),음료,,,285.94,0.25,68.08,0.00,61.32,0.00,
빽다방,레몬티(ICED),음료,,,269.00,0.88,66.13,0.00,95.06,0.00,
빽다방,피치우롱스위티(HOT),음료,,,150,1,35,,7,65,
빽다방,피치우롱스위티(ICED),음료,,,150,1,32,0,5,71,
빽다방,우롱티(HOT),음료,,,7,1,0,0,5,92,
빽다방,우롱티(ICED),음료,,,3.36,0.78,0,0.18,4.2,67.14,
빽다방,레몬얼그레이티(HOT),음료,,,110,0.06,25,0,1,72,
빽다방,레몬얼그레이티(ICED),음료,,,110,0.06,25,0,1,72,
빽다방,오렌지자몽블랙티(HOT),음료,,,110,0.06,25,0,1,90,
빽다방,오렌지자몽블랙티(ICED),음료,,,110,0.06,25,0,1,90,
빽다방,유자티(HOT),음료,,,284,1,69,0,61,,
빽다방,유자티(ICED),음료,,,261,1,64,0,58,,
빽다방,자몽티(HOT),음료,,,281.32,0.88,64.88,0.04,14.80,0,
빽다방,자몽티(ICED),음료,,,238.39,2.17,56.73,0.06,21.33,0,
빽다방,청포도플라워(ICED),음료,,,240.06,0.42,55.26,0.12,6.78,0,
빽다방,아이스미초(ICED),음료,,,133.58,,27.30,0.07,7.67,0.00,
빽다방,딸기에이드(ICED),음료,,,185.3,1.8,39.1,0.1,10.5,0.0,
빽다방,레모네이드(ICED),음료,,,246,0,60,0,55,0,
빽다방,청포도에이드(ICED),음료,,,233.70,0.30,54.00,0.06,7.38,0,
빽다방,깔라만시에이드(ICED),음료,,,215.04,0.60,48.84,0.00,79.56,0.00,
빽다방,유자에이드(ICED),음료,,,251,1,62,,51,,
빽다방,자몽에이드(ICED),음료,,,257.5,0.81,58.88,0.06,15.31,0,
빽다방,복숭아에이드(ICED),음료,,,241,1,54,0,6,,
빽다방,미초(석류)에이드(ICED),음료,,,132.93,,29.51,0.00,4.81,0.00,
빽다방,파인애플 주스(ICED),음료,,,192,2,32,0,5,0,
빽다방,토마토 주스(ICED),음료,,,182.8,3.1,41.3,0.1,12.0,0.0,
빽다방,딸기 주스(ICED),음료,,,223.94,1.88,42.31,0.13,6.69,0.00,
빽다방,망고 주스(ICED),음료,,,241.31,1.69,37.00,0.13,7.25,0.00,
빽다방,블루베리 주스(ICED),음료,,,231,3,49,0.1,6,0,
빽다방,블루베리요거트스무디(ICED),음료,,,599.6,5.1,93.3,5.4,88,0,
빽다방,밀크쉐이크(ICED),음료,,,535,12,52,6,390,,
빽다방,플레인요거트스무디(ICED),음료,,,547.4,4.6,89.1,5.7,102.1,0,
빽다방,딸기요거트스무디(ICED),음료,,,454,8.1,45,6,109,,
빽다방,빽사이즈 딸기라떼(ICED),음료,,,510,11.5,80,6.2,118,,
빽다방,빽사이즈 미숫가루(ICED),음료,,,538,10.5,48,1.0,117,,
빽다방,빽사이즈 식혜(ICED),음료,,,504,0.0,105,0.2,5,,
빽다방,빽사이즈 초코라떼(ICED),음료,,,555,15,90,8,333,23,
빽다방,빽사이즈 달콤아이스티(ICED),음료,,,406,1,95,0,29,32,
빽다방,빽사이즈 아망추,음료,,,547,2,118,0.1,38,26,
빽다방,딸기라떼(ICED),음료,,,301,7.4,49,5.4,78,,
빽다방,소프트 아이스크림,디저트,,,370.2,4.6,23.3,19.3,81.4,0,
빽다방,초코홀릭 바움쿠헨,디저트,,,,3,10,6,33,,
빽다방,사라다빵,디저트,,,386,9,8,5,498,0,
빽다방,딸기쿠키 소프트,디저트,,,482.6,5.4,49.9,17.8,136.9,4.8,
빽다방,딸기치즈 소프트,디저트,,,418,5.1,50.7,15.5,120.6,0,
빽다방,망고망고 소프트,디저트,,,444.3,4.2,65.1,11.7,73.5,0,
빽다방,피스타치오쫀득초코 소프트,디저트,,,530.3,5.7,47,23.6,105.6,9.9,
빽다방,팥절미 소프트,디저트,,,521,8.7,62,13.4,170.7,0,
빽다방,딸기쿠키 요거트아이스크림,디저트,,,554.9,6.6,64.9,11.7,133.5,5.4,
빽다방,초코쉘 요거트아이스크림,디저트,,,431.9,6,51.1,8.4,65,4.6,
빽다방,딸기치즈 요거트아이스크림,디저트,,,425.6,6.2,63.2,5.8,114.3,0,
빽다방,망고망고 요거트아이스크림,디저트,,,447.3,5.3,79.7,2.6,72,0,
빽다방,피스타치오쫀득초코 요거트아이스크림,디저트,,,528,7.1,61.4,14.1,101.2,10.2,
빽다방,팥절미 요거트아이스크림,디저트,,,518,9.6,81.1,4.1,169.4,0,
빽다방,끼리 스틱 치즈케익,디저트,,,161,4,9,6,0,0,
빽다방,끼리 쿠키앤크림 스틱 치즈케익,디저트,,,175,4,10,4.3,0,0,
빽다방,빽그램 핫도그,디저트,,,500,19,1,11,679,0,
빽다방,레드핫 빽그램 핫도그,디저트,,,563.5,18.3,13.5,12.2,1160,0,
빽다방,레드핫 소세지빵,디저트,,,517.2,21.1,13,9.5,1039.8,0,
빽다방,우베 소프트,디저트,,,358.8,3.4,51.3,11.9,97.6,0,
빽다방,우베 요거트아이스크림,디저트,,,369.3,4.3,65.6,3.6,97.1,0,
빽다방,초코츄러스쫀득볼,디저트,,,110.5,0.6,5.0,1.6,72.5,0.0,
빽다방,콘앙금쫀득볼,디저트,,,235.9,2.1,9.8,2.7,180.6,0.0,
빽다방,콘치즈쫀득볼,디저트,,,244.3,4.2,7.0,3.4,225.4,0.0,
빽다방,망고 컵빙수,디저트,,,301.1,3.5,45.8,3.1,69.2,0,
빽다방,블루베리 컵빙수,디저트,,,256.9,3.3,34.5,3.1,81.8,0,
빽다방,초코 컵빙수,디저트,,,400.6,6.8,37.8,7.4,157.1,13.7,
빽다방,통단팥컵빙수,디저트,,,467.5,11.1,52.4,2.3,195.2,0,
빽다방,딸기콕콕 소프트,디저트,,,342,3.2,41,11.2,67,0,
빽다방,딸기콕콕 요거트아이스크림,디저트,,,351,5.3,54,3.9,64,0,
빽다방,말차쿠키 소프트,디저트,,,426,4.6,48,12.1,101,82,
빽다방,말차쿠키 요거트아이스크림,디저트,,,431,6,61,4.2,98,79,
빽다방,붕어빵(슈크림),디저트,,,195,3,10,6,165,,
빽다방,붕어빵(팥),디저트,,,207,4,6,3.8,277,,
빽다방,초코브라우니 소프트,디저트,,,430,4.7,41,21.5,99,10,
빽다방,초코브라우니 요거트 아이스크림,디저트,,,485,6.8,55,18.0,102,11,
빽다방,말차 소프트,디저트,,,404,4.4,53,12.3,80,68,
빽다방,말차 요거트 아이스크림,디저트,,,405,5.9,67,3.4,76,67,
빽다방,두바이초코 요거트 아이스크림,디저트,,,593,8,52,22,75,4,
빽다방,망고치즈 요거트 아이스크림,디저트,,,438,18,69,6,118,0,
빽다방,블루베리치즈 요거트 아이스크림,디저트,,,413,6,61,6,125,0,
빽다방,요거트 아이스크림,디저트,,,408.5,6.9,58.6,5.4,79.9,0,
빽다방,오레오크런치 소프트,디저트,,,352,4.4,35,13.8,122,0,
빽다방,초코쉘 소프트,디저트,,,419,4.3,34,23.8,67,7,
빽다방,에스프레소 소프트,디저트,,,287,3.8,31,12.9,69,85,
빽다방,초콜릿 소프트,디저트,,,332,4.0,39,14.0,84,4.6,
빽다방,딸기 소프트,디저트,,,333,3.6,46,12.7,71,0,
빽다방,원조 소프트,디저트,,,365,4.2,44,15.2,72,79,
빽다방,베리크런치 소프트,디저트,,,336,4.0,39,13.7,96,1.1,
빽다방,디카페인 에스프레소 소프트,디저트,,,300,3.9,33,13.5,67,0.9,
빽다방,꿀초링 요거트 아이스크림,디저트,,,523,6.7,69,13.7,120,3.9,
빽다방,저당 단팥소라빵,디저트,,,265,6,2,7,149,,
빽다방,프로틴클러스터(다크초코&넛츠),디저트,,,255,6,13,14,50,,
빽다방,생크림 카스텔라,디저트,,,477,9,40,13,188,,
빽다방,호두카라멜 시나몬롤,디저트,,,405,8,12,4.3,240,,
빽다방,치즈홀릭 바움쿠헨,디저트,,,,3,7,6,70,,
빽다방,커스터드홀릭 바움쿠헨,디저트,,,,2,8,2.4,50,,
빽다방,데니쉬 몽블랑,디저트,,,,6,14,9,130,,
빽다방,햄치즈 샌드위치,디저트,,,,13,8,4.3,571,,
빽다방,쫀득 감자빵,디저트,,,,4,3,4.1,220,,
빽다방,쫀득 고구마빵,디저트,,,,2,6,3.2,200,,
빽다방,고메버터소금빵,디저트,,,,5,2,6,254,,
빽다방,크리미슈,디저트,,,233,4,15,7.7,124,,
빽다방,크리미단팥빵,디저트,,,,8,26,7.4,182,,
빽다방,소세지빵,디저트,,,500,19,1,11,679,0,
